<?xml version="1.0" ?>
<!DOCTYPE bulletml SYSTEM "bulletml.dtd">

<bulletml type="vertical"
          xmlns="http://www.asahi-net.or.jp/~cs8k-cyu/bulletml">

<action label="top">
	<actionRef label="seed"><param>-2</param><param>0</param></actionRef>
	<actionRef label="seed"><param>25</param><param>10</param></actionRef>
	<actionRef label="seed"><param>41</param><param>-10</param></actionRef>
	<actionRef label="center"/>
	<wait>180</wait>
</action>

<action label="seed">
	<fire>
		<direction type="absolute">180+$1</direction>
		<speed type="absolute">$1/4-2</speed>
		<bullet>
			<actionRef label="shoot"><param>-1*$2</param></actionRef>
		</bullet>
	</fire>
	<fire>
		<direction type="absolute">180-$1</direction>
		<speed type="absolute">$1/4-2</speed>
		<bullet>
			<actionRef label="shoot"><param>$2</param></actionRef>
		</bullet>
	</fire>
</action>

<action label="shoot">
	<wait>9</wait>
	<changeSpeed>
	<speed type="absolute">0</speed>
		<term>4</term>
	</changeSpeed>
	<wait>4</wait>
	<repeat>
		<times>10+($rank*30)</times>
		<action>
			<fireRef label="shoot2"><param>0+($rand*30)</param><param>$1</param></fireRef>
			<fireRef label="shoot2"><param>0-($rand*30)</param><param>$1</param></fireRef>
			<wait>24-($rand*12)</wait>
		</action>
	</repeat>
	<vanish/>
</action>

<fire label="shoot2">
	<direction type="aim">$1+$2</direction>
	<speed type="absolute">0.6</speed>
	<bullet/>
</fire>


<action label="center">
	<wait>10</wait>
	<repeat>
		<times>12+($rank*20)</times>
		<action>
		<actionRef label="center2"/>
		<repeat>
			<times>7-1</times>
			<actionRef label="center3"/>
		</repeat>
		</action>
	</repeat>
</action>

<action label="center2">
	<fire>
		<direction type="aim">-60</direction>
		<speed type="absolute">0.6</speed>
		<bullet/>
	</fire>
	<repeat>
		<times>12</times>
		<action>
			<fire>
				<direction type="sequence">10</direction>
				<speed type="absolute">0.6</speed>
				<bullet/>
			</fire>
		</action>
	</repeat>
	<wait>4</wait>
</action>

<action label="center3">
	<actionRef label="wind"><param>46</param></actionRef>
	<actionRef label="wind"><param>16</param></actionRef>
	<actionRef label="wind"><param>47.5</param></actionRef>
	<actionRef label="wind"><param>15</param></actionRef>
</action>

<action label="wind">
	<fire>
		<direction type="absolute">180+$1</direction>
		<speed type="absolute">2.7</speed>
		<bullet/>
	</fire>
	<fire>
		<direction type="absolute">180-$1</direction>
		<speed type="absolute">2.7</speed>
		<bullet/>
	</fire>
	<wait>1</wait>
</action>


</bulletml>
