<?xml version="1.0" ?>
<!DOCTYPE bulletml SYSTEM "bulletml.dtd">

<bulletml type="vertical"
          xmlns="http://www.asahi-net.or.jp/~cs8k-cyu/bulletml">

<action label="top">
 <repeat> <times>80+$rank*120</times> <action>
  <fire>
   <direction type="absolute">360 * $rand</direction>
   <speed>0.6 - 0.5 * $rank + 0.15 * $rand</speed>
   <bullet/>
  </fire>
  <fire>
   <direction type="absolute">60 + 240 * $rand</direction>
   <speed>0.6 - 0.5 * $rank + 0.15 * $rand</speed>
   <bullet/>
  </fire>
  <fire>
   <direction type="absolute">120 + 120 * $rand</direction>
   <speed>0.6 - 0.5 * $rank + 0.15 * $rand</speed>
   <bullet/>
  </fire>
 <wait>2</wait>
 </action> </repeat>

 <wait>10 + 210 * $rank * $rank</wait>

 <fire>
  <direction type="absolute">70 + 40 * $rand</direction>
  <speed>0.6 - 0.3 * $rank</speed>
  <bulletRef label="layer1"/>
 </fire>
 <fire>
  <direction type="sequence">180</direction>
  <speed>0.6 - 0.3 * $rank</speed>
  <bulletRef label="layer1"/>
 </fire>
 <wait>600</wait>
</action>

<bullet label="layer1">
<action>
 <wait>15</wait>
 <repeat> <times>100</times> <action>
  <fire>
   <direction type="relative">90</direction>
   <speed>0.8 - 0.4 * $rank</speed>
   <bulletRef label="layer2"/>
  </fire>
  <fire>
   <direction type="relative">-90</direction>
   <speed>0.8 - 0.4 * $rank</speed>
   <bulletRef label="layer2"/>
  </fire>
  <wait>60</wait>
 </action> </repeat>

</action> </bullet>

<bullet label="layer2">
<action>
 <wait>15</wait>
 <repeat> <times>100</times> <action>
  <fire>
   <direction type="relative">45</direction>
   <speed>1.0 - 0.5 * $rank</speed>
   <bulletRef label="layer3"/>
  </fire>
  <fire>
   <direction type="relative">-45</direction>
   <speed>1.0 - 0.5 * $rank</speed>
   <bulletRef label="layer3"/>
  </fire>
  <wait>60</wait>
 </action> </repeat>

</action> </bullet>

<bullet label="layer3">
<action>
 <wait>15</wait>
 <repeat> <times>100</times> <action>
  <fire>
   <direction type="relative">30</direction>
   <speed>0.2 + 0.3 * $rank * $rand</speed>
   <bullet/>
  </fire>
  <fire>
   <direction type="relative">-30</direction>
   <speed>0.2 + 0.3 * $rank * $rand</speed>
   <bullet/>
  </fire>
  <wait>60</wait>
 </action> </repeat>

</action> </bullet>

</bulletml>
